,0
0,aamir
1,aamir
2,aamir
3,aamir
4,aamir
5,aamir
6,aamir
7,aamir
8,aamir
9,aamir
10,aamir
11,aamir
12,aamir
13,aamir
14,aamir
15,aamir
16,aamir
17,aamir
18,aamir
19,aamir
20,aamir
21,aamir
22,aamir
23,aamir
24,aamir
25,aamir
26,aamir
27,aamir
28,aamir
29,aamir
30,aamir
31,aamir
32,aamir
33,aamir
34,aamir
35,aamir
36,aamir
37,aamir
38,hrithik
39,hrithik
40,hrithik
41,hrithik
42,hrithik
43,hrithik
44,hrithik
45,hrithik
46,hrithik
47,hrithik
48,hrithik
49,hrithik
50,hrithik
51,hrithik
52,hrithik
53,hrithik
54,hrithik
55,hrithik
56,hrithik
57,hrithik
58,hrithik
59,hrithik
60,hrithik
61,salman
62,salman
63,salman
64,salman
65,salman
66,salman
67,salman
68,salman
69,salman
70,salman
71,salman
72,salman
73,salman
74,salman
75,salman
76,salman
77,salman
78,salman
79,salman
80,salman
81,salman
82,salman
83,salman
84,salman
85,salman
86,salman
87,salman
88,salman
89,salman
90,salman
91,salman
92,salman
93,salman
94,salman
95,salman
96,salman
97,salman
98,salman
99,shahrukh
100,shahrukh
101,shahrukh
102,shahrukh
103,shahrukh
104,shahrukh
105,shahrukh
106,shahrukh
107,shahrukh
108,shahrukh
109,shahrukh
110,shahrukh
111,shahrukh
112,shahrukh
113,shahrukh
114,shahrukh
115,shahrukh
116,shahrukh
117,shahrukh
118,shahrukh
119,shahrukh
120,shahrukh
121,shahrukh
122,shahrukh
123,shahrukh
124,shahrukh
125,shahrukh
126,shahrukh
127,shahrukh
128,shahrukh
129,shahrukh
130,shahrukh
131,shahrukh
